D‚formation,Contrainte (MPa)
4.99945E-06,-0.046429544
3.90376E-05,1.848679811
0.000102509,5.556712483
0.000165205,9.745213614
0.000225475,13.53670229
0.000295025,17.43116968
0.000368103,21.99704174
0.000426256,26.15285438
0.000506075,30.64362338
0.000570241,35.11012363
0.000630804,39.05104802
0.000704522,43.39023963
0.000772089,47.73996844
0.000835827,51.66641175
0.000898463,56.02993475
0.000966712,60.17035603
0.00103001,64.2023613
0.001097054,68.53298452
0.001164835,72.59459082
0.001232307,76.5500109
0.001291637,80.86031134
0.001360994,84.63913367
0.001426896,88.55022945
0.001492548,92.68707013
0.001557336,96.34221244
0.001624314,99.99574713
0.001693394,103.8824009
0.001751814,106.8533039
0.001823702,109.9144067
0.001890592,112.955763
0.001958154,115.1058378
0.002022306,117.2285642
0.002089988,119.2985337
0.00215351,120.2132427
0.002218026,121.7619017
0.002280425,122.880375
0.002350458,123.7081933
0.002413661,124.8066695
0.002481944,125.7819793
0.00254562,126.2487769
0.002613248,127.2786977
0.002680463,127.8275965
0.002746916,128.4354197
0.002810676,129.2891478
0.002874713,129.5420593
0.00293767,130.1688127
0.002999882,130.9965976
0.003067151,131.2218372
0.003137507,131.7981783
0.003199141,132.4498957
0.00326726,132.6043856
0.003324806,133.0847457
0.003395254,133.7074696
0.003460782,133.8757746
0.003525938,134.3940577
0.003598023,134.8004403
0.003659042,134.9543101
0.003727976,135.5376015
0.003787688,135.816928
0.003851827,136.0372571
0.003915485,136.5485837
0.003984037,136.6550705
0.00404843,136.9111472
0.004116715,137.5363327
0.004175356,137.5274428
0.00424797,137.8188891
0.004316805,138.2914032
0.004378041,138.3817512
0.004446137,138.7153108
0.004511386,139.2375754
0.004570602,139.0841211
0.004637502,139.594982
0.004700914,139.9229004
0.004769336,139.8962306
0.004836362,140.3482758
0.004898702,140.6126452
0.004819522,133.5010934
0.004689648,124.7780268
0.004549744,115.9465399
0.004423821,107.1261958
0.00429444,98.6827
0.004157863,89.97276364
0.004021214,81.22992959
0.003890389,73.02849704
0.003761096,64.51824548
0.003631646,56.0884186
0.003488023,47.87673279
0.003367122,39.18181407
0.003240771,30.94145214
0.003090576,22.88932335
0.002968813,14.36642381
0.002834321,6.348848757
0.002701928,-1.803627185
0.002572466,-10.11907388
0.002443872,-18.0496825
0.002301453,-26.42676932
0.002175327,-34.58070828
0.002046152,-42.27730113
0.001915741,-50.50277486
0.001783335,-58.46252832
0.001656799,-65.93902381
0.001522879,-73.89329258
0.00138558,-80.74089047
0.00125516,-87.15304133
0.001126637,-93.01731847
0.00099101,-97.59631849
0.000858894,-101.4633739
0.000726399,-105.0700894
0.000594741,-107.7795584
0.000462553,-110.3580505
0.000331387,-112.6147562
0.000199307,-114.3725411
7.15977E-05,-116.356666
-6.54806E-05,-117.970945
-0.000197074,-119.2823448
-0.000326331,-120.8069147
-0.000457995,-121.8935008
-0.000588475,-123.0852584
-0.000719103,-124.4389783
-0.000854171,-125.1229002
-0.00098255,-126.142551
-0.001114687,-127.2350248
-0.001241407,-127.8823202
-0.00136856,-128.9045014
-0.001508383,-129.6725727
-0.001637757,-130.2882983
-0.001765327,-131.1986416
-0.001897966,-131.7276415
-0.00202775,-132.3387927
-0.002157943,-133.2237983
-0.002288627,-133.6223578
-0.002425916,-134.3063445
-0.002551021,-135.0412487
-0.002690008,-135.3384595
-0.002817889,-136.1161055
-0.002945843,-136.6143665
-0.003073656,-137.0831142
-0.00320875,-137.6606724
-0.003336574,-138.1177075
-0.003472196,-138.4656876
-0.00360275,-139.1883322
-0.003734553,-139.4718991
-0.003859971,-139.8913535
-0.003997173,-140.4441023
-0.004125445,-140.7327426
-0.004256711,-141.2756076
-0.004381398,-141.8182597
-0.004517763,-141.9693152
-0.004646116,-142.5813725
-0.004776419,-142.9801763
-0.004910572,-143.1655366
-0.004819395,-135.2938325
-0.004682269,-126.4693837
-0.004549912,-117.6508079
-0.004418638,-109.0707733
-0.004286465,-100.1249807
-0.004150117,-91.29333943
-0.004018753,-82.78062842
-0.003887193,-73.72408152
-0.003749254,-65.17609898
-0.003620205,-56.4763762
-0.003490726,-47.69417851
-0.003348555,-39.11194538
-0.00322369,-30.3055353
-0.003089802,-21.40233417
-0.002953722,-12.97928747
-0.002822529,-4.309713559
-0.002696058,4.249014751
-0.002558131,12.84041923
-0.002430033,21.45405767
-0.002300823,29.8254195
-0.002170366,38.14623743
-0.002033614,46.93971141
-0.001907937,54.99943567
-0.001774775,63.5918803
-0.001642823,71.69551755
-0.00151342,79.56735942
-0.001384481,87.29793145
-0.001249973,94.52869958
-0.001115293,100.6278245
-0.00097407,106.5375533
-0.000850825,110.9431604
-0.000714101,114.7044305
-0.000586871,118.1758932
-0.000452805,120.9375262
-0.000319653,123.4767632
-0.00018762,125.9153635
-5.96033E-05,127.7218112
7.23811E-05,129.7068901
0.000205253,131.5278398
0.000329975,132.9320576
0.000465525,134.5588322
0.00060055,135.9818904
0.000727317,137.1178888
0.000857749,138.6270694
0.000991845,139.6592638
0.001117709,140.742286
0.001248967,142.033695
0.001383112,142.760532
0.001511374,143.6192436
0.001641667,144.761115
0.001772438,145.4506971
0.001906356,146.4893845
0.00203419,147.4027552
0.002174072,147.932847
0.002304727,148.9896567
0.002430116,149.6597782
0.002563638,150.1689772
0.002693992,151.0890999
0.002820788,151.6710133
0.002953471,152.2810287
0.003086771,153.122305
0.003215965,153.3894304
0.003346942,154.0896811
0.003480337,154.7858356
0.003609633,155.0756826
0.003741893,155.7447289
0.003875791,156.3665551
0.004003458,156.6121843
0.004133394,157.3266239
0.004257759,157.6780447
0.004390685,158.1477215
0.004524658,158.7574133
0.004657082,158.9455921
0.004787245,159.4541231
0.004912151,159.7167784
0.004803455,150.5838008
0.004671013,141.9768835
0.004535602,133.3770563
0.004406307,124.2750181
0.00426887,115.7791077
0.004143204,107.204374
0.004005001,98.32703044
0.003868671,89.93533122
0.003738408,81.14267358
0.003605691,72.3637976
0.003474083,64.04269363
0.00333906,55.22131602
0.003210476,46.50052511
0.003082323,38.1374018
0.002947835,29.28083617
0.002817427,20.78108151
0.00268623,12.51403314
0.002552896,3.629838212
0.002421821,-4.692121964
0.002288471,-13.00275387
0.002161307,-21.66870584
0.00202719,-29.80672104
0.001896897,-38.05628605
0.001769885,-46.48861413
0.001631586,-54.46823105
0.001500676,-62.82791156
0.001373624,-70.7402946
0.001242454,-78.37061815
0.001105954,-85.70333842
0.000977281,-92.32398465
0.000843405,-98.05159349
0.000708465,-103.3249149
0.000578952,-107.4634091
0.00044676,-111.1331014
0.000317195,-114.3990229
0.00017787,-117.0540522
5.24607E-05,-119.6359683
-8.08722E-05,-121.9025932
-0.000210027,-123.7232151
-0.00034388,-125.7421396
-0.000469094,-127.319623
-0.000608474,-128.9063784
-0.000738573,-130.6502981
-0.000864389,-131.7892174
-0.001006225,-133.0474177
-0.001128871,-134.5919595
-0.001256313,-135.6133578
-0.001396979,-136.7072826
-0.001524673,-137.8456883
-0.001652845,-138.6734731
-0.001787994,-139.8089663
-0.001918435,-140.8355507
-0.002046596,-141.4621246
-0.002179107,-142.6034741
-0.00230858,-143.2953067
-0.002438843,-143.9414518
-0.002570475,-144.8985183
-0.00270043,-145.489925
-0.002832087,-146.174467
-0.002964122,-147.0831547
-0.003091574,-147.4398285
-0.003224881,-148.198277
-0.003355067,-148.9745514
-0.003485013,-149.2594565
-0.003619824,-149.964242
-0.00374273,-150.4758212
-0.003882733,-150.8439132
-0.004008733,-151.630969
-0.004139809,-151.9807927
-0.004273788,-152.3830393
-0.004404454,-153.0508621
-0.00452443,-153.261176
-0.004666307,-153.7527748
-0.004799155,-154.4091647
-0.004912407,-153.9755842
-0.004792471,-145.347154
-0.004666292,-136.6670922
-0.004532178,-127.5263813
-0.004398078,-119.1577295
-0.004260633,-110.3891798
-0.004133247,-101.3596534
-0.004001447,-92.93416501
-0.003863799,-84.13955109
-0.003736436,-75.15818219
-0.003591969,-66.56325933
-0.003466393,-57.7466816
-0.003334801,-49.06715634
-0.003199645,-40.48699641
-0.003071972,-31.5521461
-0.002941453,-23.19069096
-0.002808044,-14.56119911
-0.002674058,-5.832496016
-0.002537625,2.302032116
-0.002411806,10.95896848
-0.002278607,19.64433002
-0.002153503,27.52193426
-0.002015445,36.42961793
-0.001885743,44.60136386
-0.001762004,52.68337344
-0.00162211,61.20574894
-0.001494685,69.2466098
-0.001362491,77.30446338
-0.001232596,85.54035948
-0.001098933,92.83810886
-0.000963084,100.0772303
-0.000832939,106.6821115
-0.000702497,112.175597
-0.00056993,117.2070013
-0.000434595,121.6758044
-0.000306234,125.1616292
-0.000174528,128.5950811
-4.06189E-05,131.222497
8.2969E-05,133.7595752
0.000222387,136.1834939
0.000359186,137.9934324
0.000480547,140.01747
0.000615894,141.7818378
0.000743841,143.2510701
0.000874277,145.0651864
0.001007631,146.3646377
0.001138185,147.7798165
0.00127428,149.1252832
0.001398822,150.1144498
0.001529013,151.3712157
0.001659535,152.4939377
0.001797633,153.3680136
0.001920905,154.5611993
0.002056298,155.4543766
0.002189975,156.2796018
0.002318785,157.4043302
0.002448857,158.011312
0.002578561,158.8148929
0.002705418,159.7838348
0.002842116,160.2691848
0.002971838,161.2433964
0.003104265,161.9959218
0.003239546,162.4028994
0.003369955,163.2959619
0.003493443,163.7848841
0.003624914,164.3353509
0.003752904,165.1380006
0.003889337,165.4045392
0.004020851,166.1444251
0.00414936,166.8329151
0.004280601,166.966909
0.004409547,167.7063709
0.004546122,168.0698781
0.00466721,168.4535307
0.004806084,169.1341414
0.004907483,168.3174637
0.004782597,158.9867784
0.004651977,150.4826546
0.004513259,141.2617425
0.00438608,132.701542
0.004248879,124.0438908
0.004120366,114.9661735
0.003986712,106.6201848
0.003853588,97.9922933
0.003719673,88.89325104
0.003587618,80.57292792
0.003457304,71.65188641
0.003329056,63.00668064
0.003195393,54.52340989
0.003059253,45.66182724
0.002932769,37.13107543
0.002802806,28.62921479
0.002657854,19.95490259
0.002535252,11.75445319
0.002403748,3.164655079
0.002269984,-5.207800759
0.002140861,-13.58333445
0.002004416,-22.12767626
0.001875829,-30.26915932
0.001742452,-38.32208357
0.001613015,-46.8150877
0.001486402,-54.86527065
0.001352624,-63.11958962
0.001224022,-71.04938921
0.001087908,-78.7490595
0.000957804,-86.51909539
0.000827699,-93.41079834
0.00069349,-99.71515745
0.000557536,-105.5833242
0.000429952,-110.4659467
0.000301341,-114.759292
0.000166181,-118.6986881
3.40568E-05,-121.6795646
-9.61227E-05,-124.752117
-0.000226723,-127.5161615
-0.000357495,-129.5972736
-0.00049099,-131.9690053
-0.000623022,-133.8463176
-0.000752357,-135.560225
-0.00088249,-137.5651549
-0.00101997,-138.8677045
-0.00114505,-140.3932452
-0.00127712,-142.031983
-0.00140324,-143.0663153
-0.001537414,-144.4049799
-0.001672244,-145.7342493
-0.001798025,-146.4517559
-0.001938872,-147.90396
-0.002059822,-148.788786
-0.002194175,-149.6405974
-0.002323728,-150.7997748
-0.00245978,-151.4287454
-0.002582994,-152.1406399
-0.002721114,-153.1988694
-0.002848552,-153.8322599
-0.002979321,-154.7327759
-0.003109994,-155.4356343
-0.003241403,-155.991043
-0.003377985,-156.8020773
-0.003506804,-157.3414348
-0.003632831,-157.9515484
-0.003764536,-158.770412
-0.003897589,-159.0963553
-0.004026536,-159.8936079
-0.004151707,-160.3163736
-0.004290348,-160.6465259
-0.004418284,-161.4251824
-0.004550434,-161.7628696
-0.004679635,-162.1767307
-0.004814705,-162.907236
-0.004908478,-161.4006005
-0.004773005,-152.3632364
-0.004643542,-143.6994282
-0.004509249,-134.6906818
-0.004374129,-126.0965878
-0.004242534,-117.2177911
-0.00410228,-108.412306
-0.003974196,-99.82323315
-0.003845892,-90.65781092
-0.003709992,-82.02410482
-0.003580099,-73.29470168
-0.003443628,-64.33627995
-0.003321718,-55.88551021
-0.003179931,-47.01526522
-0.003051538,-38.17998903
-0.00291589,-29.80541824
-0.002787857,-20.97834925
-0.002653948,-12.39448553
-0.002519726,-4.011883546
-0.00239497,4.976337969
-0.002257413,13.01770721
-0.002133807,21.55776357
-0.001994972,29.98236674
-0.001865266,38.20937502
-0.001733603,46.63302614
-0.001599914,55.00634842
-0.001475647,62.83193686
-0.001339591,71.38631855
-0.001209797,79.29240475
-0.001080464,87.19011673
-0.00094753,95.04284884
-0.000810646,102.3659213
-0.000686417,109.1572464
-0.000558311,115.2084664
-0.000420132,120.5362421
-0.000291296,125.552207
-0.000155294,129.5325744
-3.13518E-05,133.5138896
0.000106433,136.5554025
0.000235895,139.2318339
0.000364579,142.0126227
0.000499851,144.3797946
0.000630708,146.2812399
0.000763813,148.5395532
0.00088619,150.2768421
0.001023368,151.9885239
0.001149115,153.7451584
0.001285984,154.9719454
0.001420022,156.472495
0.001549774,157.9871393
0.001678826,158.9911002
0.001811928,160.3558625
0.0019464,161.5205203
0.002071742,162.4067807
0.002207888,163.6372381
0.002333213,164.3559994
0.002465246,165.3392784
0.002597267,166.479014
0.002728171,167.0434399
0.002854912,167.9715567
0.002989512,168.9032751
0.003123725,169.347637
0.003250751,170.1969055
0.003374588,170.8992587
0.003514368,171.4964862
0.003647783,172.3557199
0.003771439,172.8226887
0.003899794,173.3762204
0.00403777,174.0613658
0.004166426,174.5191357
0.004292992,175.1136095
0.004429457,175.765544
0.004559539,176.0327028
0.004688098,176.821147
0.004817907,177.1480861
0.004889922,175.0423127
0.004756364,166.0711887
0.004630722,157.0147566
0.00449854,148.0782277
0.004362361,139.579503
0.004229076,130.639573
0.004095909,121.7310835
0.003963054,113.2737559
0.003830704,104.4062627
0.003698739,95.72653487
0.003572141,86.98358599
0.003437862,78.3776165
0.003299844,69.82733946
0.003171212,61.03005939
0.003037039,52.33401952
0.002911404,43.97492569
0.002777272,35.19137301
0.002640323,26.83872008
0.002518544,18.40154848
0.002381259,9.6999901
0.002249561,1.388041828
0.00211334,-7.045257086
0.001986856,-15.63811552
0.001863819,-23.65962652
0.001723353,-32.04985592
0.001595432,-40.35330324
0.001465918,-48.4273165
0.001331007,-56.80282681
0.001201272,-64.84845832
0.001069659,-72.71939408
0.000936069,-80.81412681
0.000809881,-88.3120558
0.000675273,-95.4673766
0.000546106,-102.4821792
0.000410196,-108.2970273
0.000276892,-113.9572457
0.000153053,-118.6359889
2.31413E-05,-122.4482789
-0.000118355,-126.3877481
-0.000242902,-129.7253151
-0.000372807,-132.4660262
-0.000518506,-135.3483203
-0.000643804,-137.6408695
-0.000768812,-139.8395006
-0.000900424,-142.0776205
-0.001036902,-143.6457651
-0.00116546,-145.5406693
-0.001300123,-147.2882511
-0.00142471,-148.4832804
-0.001553712,-150.1306137
-0.00168772,-151.4688691
-0.001817411,-152.5549583
-0.001949004,-154.0146013
-0.002078808,-155.0155933
-0.002217331,-155.987667
-0.002347828,-157.2616072
-0.002477022,-158.043836
-0.002600545,-159.0428237
-0.002734594,-159.9902341
-0.002867448,-160.6743523
-0.002992809,-161.7309156
-0.003122422,-162.4190299
-0.003258624,-163.0063758
-0.003388706,-164.0261415
-0.003521582,-164.5133684
-0.003650349,-165.1729714
-0.003779489,-166.0920021
-0.003909095,-166.4219728
-0.004041732,-167.1228436
-0.004171244,-167.730838
-0.004305921,-168.0147807
-0.004438633,-168.8402815
-0.004567538,-169.2952141
-0.004697311,-169.6499463
-0.004826469,-170.3958011
-0.004888706,-167.6639299
-0.004753746,-158.5362344
-0.004624283,-149.9572771
-0.004486806,-140.6321204
-0.004351257,-132.0594661
-0.004222152,-123.3156195
-0.004083166,-114.3329061
-0.003958166,-105.6715677
-0.003819144,-96.77694961
-0.003690396,-87.64682605
-0.003558598,-79.25918763
-0.003429052,-70.10145482
-0.003289631,-61.29365009
-0.003159218,-52.7993202
-0.003027782,-43.87456029
-0.002903113,-34.90374948
-0.002769355,-26.60794982
-0.002632125,-17.75996365
-0.002499732,-9.380140747
-0.002371433,-0.783099567
-0.00223652,7.781961897
-0.002112175,16.17472653
-0.001973429,24.58138389
-0.001842435,32.89699064
-0.001713089,41.08649551
-0.001585191,49.67897563
-0.001451738,57.58140607
-0.001326257,65.98643598
-0.001189015,74.24363822
-0.00106192,81.95122759
-0.000932306,89.96321398
-0.000797734,97.74081819
-0.000666471,104.934536
-0.00054648,112.0522615
-0.000397777,118.3393398
-0.000267971,124.077158
-0.000144149,129.4367959
-8.93645E-06,133.6909216
0.000120034,137.7321801
0.000254033,141.2416305
0.00038666,144.2863169
0.000516421,147.3800001
0.000648443,149.9956887
0.000774957,152.2188202
0.000907883,154.6536519
0.001030908,156.3564584
0.00117397,158.3614948
0.001306554,160.2597896
0.001434358,161.7079183
0.001564506,163.4303148
0.001702616,164.8108171
0.001826087,165.8772183
0.001957448,167.4966438
0.002087088,168.5508917
0.002217708,169.6485767
0.002350629,170.9200053
0.00248177,171.771965
0.002612639,172.754722
0.002742656,173.7795276
0.002873548,174.4371577
0.003004576,175.5839376
0.003139927,176.3568359
0.003267739,176.9873411
0.003397177,177.8743197
0.003532882,178.3872351
0.003662026,179.1010733
0.003786991,180.0612381
0.003916458,180.4659003
0.004052825,181.2012827
0.004182455,181.8973724
0.004314512,182.2729347
0.004439074,183.0751772
0.004577566,183.4748955
0.004704249,183.8338868
0.004835423,184.5804912
0.004869598,180.7699382
0.004740917,171.5477525
0.004599246,162.9453219
0.00447587,153.8151649
0.00434327,145.1558413
0.004201571,136.5837759
0.004074822,127.4383841
0.00394483,119.1378535
0.00380362,110.1654664
0.003677394,101.2042741
0.00354735,92.74098584
0.003412478,83.89884074
0.003282234,75.13560666
0.003151146,66.76786928
0.003019994,57.74524936
0.002887306,49.32929601
0.002757097,40.86316204
0.002613756,32.02303168
0.00248653,23.68090969
0.002362585,15.38250507
0.002230046,6.427687747
0.002099939,-1.678917626
0.001966665,-10.06553293
0.001831819,-18.56662234
0.001702522,-26.65603636
0.001570664,-34.959634
0.001440267,-43.37037826
0.001309358,-51.2695517
0.001180592,-59.52618397
0.001051502,-67.51709597
0.00092056,-75.42191486
0.000794282,-83.46811426
0.000653303,-91.02457304
0.000525027,-98.24112733
0.000392894,-105.3627675
0.000261234,-111.3601198
0.000133943,-117.0526262
4.34054E-06,-122.1468027
-0.000130735,-126.3858962
-0.000261946,-130.5527826
-0.000391401,-134.1938572
-0.000523138,-137.1051991
-0.000653978,-140.2148833
-0.00079253,-142.8342756
-0.000917142,-145.0878913
-0.001044967,-147.4829063
-0.001183399,-149.3834539
-0.00130885,-151.2418527
-0.001446641,-153.18034
-0.001578723,-154.5482006
-0.001704829,-156.1781946
-0.001839311,-157.8419715
-0.001965338,-158.960044
-0.002100891,-160.2990343
-0.002233192,-161.5519357
-0.002359705,-162.6018452
-0.002493077,-163.8735849
-0.00262201,-164.7902501
-0.002754021,-165.5870434
-0.002882154,-166.7984975
-0.003011848,-167.5457387
-0.003152924,-168.4198
-0.003275903,-169.2596232
-0.003405899,-169.8488272
-0.003537786,-170.7275193
-0.003666282,-171.5773744
-0.003798142,-172.0232522
-0.003931729,-172.9238516
-0.004061177,-173.5154024
-0.004188493,-173.8671344
-0.004318763,-174.7154404
-0.004450721,-175.1413043
-0.004581706,-175.5713627
-0.004711615,-176.3652853
-0.004842556,-176.6971016
-0.004865328,-172.6536259
-0.004731418,-163.7108001
-0.00460077,-154.5793383
-0.004466601,-145.8825489
-0.004335836,-137.0821997
-0.004195202,-127.785051
-0.004063914,-119.437104
-0.003930535,-110.4342787
-0.003798232,-101.4576575
-0.003666375,-92.87742658
-0.003537573,-83.88732436
-0.003398269,-74.92162242
-0.003273555,-66.34203664
-0.003133715,-57.46616917
-0.003004642,-48.78598416
-0.002878607,-40.06438527
-0.002748056,-31.35422551
-0.002605786,-22.77308013
-0.002482801,-14.09528629
-0.002353743,-5.644488779
-0.00221422,2.684978341
-0.002089253,11.370376
-0.001957351,19.54489579
-0.001828086,28.09863861
-0.001692257,36.50156192
-0.001564684,44.54754627
-0.001435072,52.86009646
-0.001299128,61.11146326
-0.001174572,69.03618947
-0.001034072,77.5166688
-0.00091226,85.12540644
-0.000773607,92.97105251
-0.000653273,100.953941
-0.00051587,108.0049693
-0.000392293,115.0192415
-0.000252048,121.8178488
-0.000119106,127.3997429
3.50115E-06,133.0571385
0.000142094,137.5918393
0.000268,141.7646781
0.000405591,145.7593678
0.000533491,149.1320185
0.000664015,152.1918415
0.000796365,155.0435825
0.00092915,157.5003363
0.001057166,160.0010656
0.001186313,162.1342228
0.001326668,164.0337599
0.001447163,166.1413915
0.001582387,167.7376881
0.001710214,169.2594436
0.001847654,170.9638327
0.001975104,172.2055601
0.002100493,173.9192984
0.002239663,174.9835762
0.002368065,176.0315628
0.002498021,177.4125036
0.002630672,178.3632419
0.002760687,179.3315471
0.002890025,180.616891
0.003022665,181.2063728
0.003153712,182.2084567
0.003281827,183.1555268
0.003419148,183.7087975
0.003544898,184.6788147
0.003674501,185.5573606
0.003806801,185.9529032
0.003935482,186.9252692
0.004074896,187.3611672
0.004195562,188.0383037
0.004329415,188.7967836
0.004459398,189.2080015
0.004593341,189.8486327
0.004718313,190.4824492
0.00484994,190.7367052
0.004849983,185.9306554
0.004714632,176.6894351
0.004593719,167.46712
0.004447932,158.8990735
0.004317901,149.9173622
0.004183446,141.1360665
0.004052894,132.5696757
0.003922774,123.4510664
0.003780018,114.8321943
0.003654941,106.1207421
0.003522055,97.23605783
0.003387705,88.83349362
0.003262604,80.03941835
0.003130693,71.4551329
0.002997451,62.90381821
0.002865899,54.08356176
0.002735692,45.61848422
0.002608509,37.1959981
0.002463901,28.44871701
0.002341777,20.12467006
0.002201192,11.61999713
0.002079274,3.13700741
0.001941143,-5.022970757
0.001817745,-13.47902935
0.001684354,-21.87856455
0.00155146,-29.90288993
0.001420396,-38.42489588
0.001295109,-46.58116275
0.001159004,-54.4830253
0.001030916,-62.74758709
0.000898056,-70.40215015
0.000770487,-78.41947091
0.00064299,-86.52025412
0.000503365,-93.72854485
0.000376611,-101.2229329
0.000244332,-108.2373618
0.000114673,-114.4405997
-1.6882E-05,-120.4383904
-0.000157571,-125.749758
-0.000276552,-130.1894946
-0.000413644,-134.709113
-0.000540458,-138.3545261
-0.00067214,-141.6902016
-0.000803347,-144.9906765
-0.000930971,-147.6059245
-0.00106649,-150.3402427
-0.001198349,-152.6413082
-0.001332398,-154.5958925
-0.001455615,-156.8836315
-0.001593009,-158.6542773
-0.001727742,-160.2883342
-0.001856411,-162.2056824
-0.001983347,-163.5481135
-0.002114161,-164.941437
-0.002245736,-166.4621486
-0.002371955,-167.6089619
-0.00251031,-168.9121984
-0.002642142,-170.0786162
-0.002766496,-170.8881828
-0.002899296,-172.180262
-0.003030039,-173.1020821
-0.003162037,-173.7464984
-0.003291115,-174.9298004
-0.003424347,-175.7026486
-0.003557343,-176.2295127
-0.00368292,-177.2887839
-0.003817281,-177.8132511
-0.003944961,-178.4837965
-0.004077839,-179.3774477
-0.00420604,-179.8991068
-0.004336448,-180.3675434
-0.00446971,-181.1170519
-0.004600969,-181.4350866
-0.004726261,-182.1574535
-0.004858344,-182.7154385
-0.00484485,-176.9288656
-0.004709805,-168.2880547
-0.004582384,-159.2943552
-0.004440943,-150.1948473
-0.004312076,-141.534317
-0.004180252,-132.7066885
-0.004039579,-123.4953991
-0.003915315,-114.9259267
-0.003779648,-105.9236546
-0.003647392,-96.96497605
-0.003515281,-88.40627467
-0.003379822,-79.41274009
-0.003251905,-70.47349494
-0.003111259,-62.01683129
-0.00297883,-53.03318042
-0.002869431,-44.3921461
-0.002722854,-35.79009126
-0.002592328,-27.08202349
-0.002462109,-18.45226357
-0.002325096,-10.01284736
-0.002198462,-1.402179691
-0.00206294,6.835102527
-0.001936054,15.36038635
-0.001808075,23.7248373
-0.001670277,31.90115554
-0.001545005,40.23932112
-0.00141424,48.41165789
-0.001285796,56.43461992
-0.001149839,64.80510695
-0.001024816,72.74046848
-0.000887522,80.72413994
-0.000758669,88.74102643
-0.000624476,96.42667078
-0.00049774,103.95342
-0.000369445,111.5093004
-0.000242144,118.1851088
-0.000106798,124.8970405
2.75153E-05,131.059802
0.000157131,136.2834146
0.000285782,141.3466747
0.000418653,145.8958587
0.000549468,149.7160844
0.000681789,153.5442063
0.000811064,156.7346639
0.000940346,159.6211795
0.001076698,162.6324275
0.001203293,164.9879723
0.001335762,167.0882151
0.001473561,169.5076325
0.00159203,171.2684594
0.001730957,173.0861938
0.001860622,175.0193467
0.00199378,176.4640326
0.002121907,178.0343632
0.002257965,179.6255865
0.002381965,180.7620922
0.002516351,182.09503
0.002647216,183.438294
0.002778014,184.3194831
0.002909138,185.5665929
0.003038479,186.5642256
0.00317236,187.2902295
0.003300374,188.4847848
0.003433701,189.1753126
0.003562231,189.9738535
0.003689206,190.9827729
0.003828149,191.6484432
0.003953106,192.1946675
0.004085597,193.0527278
0.004220259,193.5182602
0.004340874,194.3502207
0.0044775,194.892188
0.004610262,195.374377
0.004732469,196.1173925
0.004869479,196.5229023
0.004828599,189.8561864
0.004695587,181.1377672
0.00456388,171.735852
0.004430416,163.081439
0.004295817,154.3674084
0.00416498,145.2715376
0.00403164,136.5103433
0.003904607,127.8590703
0.003766895,118.8170003
0.003635423,110.3727466
0.003501904,101.5997353
0.003375885,92.69014339
0.003240091,84.34639917
0.003105259,75.67347975
0.002979814,66.94843179
0.002847677,58.61987225
0.00271286,49.82740251
0.002576142,41.28616361
0.002460064,32.93923965
0.002308566,24.26136167
0.002191455,15.94866366
0.002062789,7.758774217
0.001925696,-0.984356594
0.001797467,-8.941660965
0.001667074,-17.30674494
0.001531184,-25.71181201
0.001400938,-33.59712655
0.001275333,-41.82042896
0.001137351,-50.02377186
0.001012534,-57.83789193
0.000879812,-66.10251218
0.00074659,-73.9436611
0.000617121,-81.73139538
0.000498944,-89.6465594
0.000355847,-97.01325675
0.000227995,-104.3861278
9.57415E-05,-111.5276502
-3.45619E-05,-117.7082082
-0.000158414,-123.6828952
-0.000290683,-129.1486546
-0.000426448,-133.9067661
-0.000560185,-138.3853068
-0.000690587,-142.418262
-0.000820433,-145.8606101
-0.000948753,-149.3121091
-0.001072647,-152.0640109
-0.001220534,-154.6844472
-0.001345995,-157.4407187
-0.001475759,-159.6353224
-0.001606868,-161.6982121
-0.001738854,-163.927296
-0.00186321,-165.4008041
-0.002004331,-167.2817283
-0.002135658,-168.9424383
-0.002260381,-170.2385637
-0.002394544,-171.833735
-0.002528741,-173.2281004
-0.002647098,-174.2398092
-0.002789078,-175.6816744
-0.002918593,-176.6655067
-0.003046378,-177.6702025
-0.003179512,-178.8268181
-0.003306404,-179.6107609
-0.003432423,-180.4644806
-0.003571733,-181.4681471
-0.003701551,-182.0561778
-0.003835375,-182.9035046
-0.003963697,-183.7612684
-0.004097467,-184.2605838
-0.00421634,-185.0846502
-0.004359154,-185.7957472
-0.004485468,-186.187847
-0.004617331,-187.0633259
-0.00474209,-187.5322531
-0.004875279,-187.9264094
-0.004815232,-180.8835111
-0.004688238,-172.0653028
-0.00455588,-163.0097518
-0.004423789,-154.3536915
-0.004289911,-145.196702
-0.004160953,-136.401303
-0.004018432,-127.5981979
-0.00389208,-118.6012623
-0.003761874,-109.913248
-0.003624099,-101.077953
-0.003497993,-92.044846
-0.003362621,-83.5671706
-0.003228457,-74.539185
-0.003102913,-65.71705786
-0.002974407,-57.30074123
-0.002827698,-48.31335943
-0.002702271,-39.59502588
-0.002577402,-31.19330098
-0.002435183,-22.14781532
-0.002312226,-13.88517244
-0.002180181,-5.45846079
-0.002047616,3.132545334
-0.001917947,11.18929884
-0.001790072,19.64829165
-0.001654036,28.17510062
-0.001522784,36.11749809
-0.001391158,44.44934176
-0.001261628,52.60582577
-0.001131084,60.40385297
-0.001001345,68.73242087
-0.000869055,76.70462397
-0.000740138,84.26958223
-0.000612913,92.39491396
-0.000477837,99.79611662
-0.000348066,107.4508676
-0.000218409,114.7796001
-8.82246E-05,121.7039816
4.86118E-05,128.3928722
0.00017383,134.4845999
0.000306619,139.8068471
0.000436371,145.0889499
0.000566917,149.533123
0.000699142,153.8816973
0.00082985,157.6256218
0.000957389,160.819994
0.001092584,164.1383301
0.001227613,166.9853569
0.001350866,169.3627403
0.001481993,172.1885486
0.001623682,174.1934367
0.001750301,176.1631264
0.001880603,178.3574357
0.002007883,179.96409
0.002139114,181.6691326
0.002267082,183.505839
0.002400617,184.7242726
0.002536531,186.1676223
0.002666402,187.6084082
0.002791323,188.5961572
0.002924736,189.9453089
0.003055861,191.1221992
0.003191966,191.9622187
0.003318579,193.1370713
0.003450706,193.8243212
0.003579041,194.7911754
0.003711771,195.7750724
0.003842839,196.3895098
0.00397004,197.32888
0.00410204,197.9692835
0.004231868,198.5182158
0.00436282,199.4020146
0.004492291,199.9089776
0.004628476,200.5519429
0.004756005,201.2431555
0.004884332,201.5430679
0.004806964,193.8014847
0.004676303,184.7007534
0.004543606,175.4691579
0.00441626,166.9987481
0.00427346,158.0403139
0.004143882,149.0422759
0.004014866,140.4804595
0.003877516,131.5264785
0.003746063,122.6012029
0.003617625,114.3173852
0.003482575,105.1734132
0.003355024,96.67565096
0.003219765,88.08031471
0.003092034,79.36183292
0.002958235,70.98551463
0.002831832,62.45278566
0.002689014,53.6282116
0.002567654,45.49539297
0.00242964,36.86254288
0.002303567,28.36029599
0.002170835,20.1430138
0.002041698,11.55846779
0.001912002,3.434848072
0.001772029,-4.958579858
0.001648382,-13.30408327
0.001517258,-21.22304314
0.001383199,-29.75047532
0.001257438,-37.68708745
0.001119141,-45.751954
0.000994008,-53.9997736
0.000862273,-61.72979444
0.00072955,-69.61308589
0.000600769,-77.88492371
0.000473383,-85.28857328
0.000334889,-93.25285938
0.000203954,-100.7413995
7.87328E-05,-107.8758192
-5.43981E-05,-114.9434601
-0.000182941,-121.2862893
-0.000321654,-127.1368662
-0.000442084,-132.9541508
-0.000575476,-137.6650109
-0.00070645,-142.394202
-0.000838905,-146.5050766
-0.000970906,-150.026223
-0.001099143,-153.4843278
-0.001232925,-156.4851033
-0.001361074,-159.3598457
-0.001492508,-162.1565687
-0.001623911,-164.2515941
-0.001755431,-166.6143127
-0.00188688,-168.7955251
-0.002020264,-170.5004361
-0.002149136,-172.5243776
-0.002281911,-174.0530981
-0.002410966,-175.4819458
-0.002540827,-177.2753781
-0.002673668,-178.4160093
-0.002805542,-179.6961817
-0.002934199,-181.043897
-0.003068053,-181.9007004
-0.003194035,-183.1840045
-0.003324753,-184.2034946
-0.003458585,-184.9772405
-0.003590157,-186.1628099
-0.003719293,-186.8639563
-0.003847444,-187.6248998
-0.003982665,-188.6339174
-0.004106865,-189.1678111
-0.004239664,-189.9541007
-0.004366518,-190.7343063
-0.00450655,-191.1314315
-0.00463005,-192.0390273
-0.004765699,-192.4584169
-0.004894894,-192.7910161
-0.004800801,-184.6484265
-0.004665699,-175.5002288
-0.00453495,-166.5452039
-0.004403554,-157.7837403
-0.00427674,-148.4674255
-0.0041394,-139.9931177
-0.004003231,-130.91306
-0.003870161,-121.8979854
-0.00373935,-113.3878341
-0.003607178,-104.3001766
-0.003476256,-95.39638257
-0.003345805,-86.96616527
-0.003211927,-77.67720291
-0.003073985,-69.05074779
-0.002954332,-60.49280847
-0.002811984,-51.66010029
-0.00268863,-43.17943096
-0.002554381,-34.55040365
-0.002419766,-25.65136145
-0.00228854,-17.51863552
-0.00216236,-8.705631082
-0.002026773,-0.44013425
-0.001895738,7.709842119
-0.001760756,16.11377113
-0.001636346,24.41083245
-0.001504505,32.59243494
-0.001373242,40.95559583
-0.001238595,48.87017317
-0.001111662,56.96465745
-0.000987948,64.88680938
-0.000851304,72.88260268
-0.000717094,80.8048945
-0.000588895,88.48745515
-0.000459828,96.20099061
-0.000328343,104.1134801
-0.000190145,111.1738388
-7.07746E-05,118.3964436
6.45416E-05,125.5976483
0.000189146,131.9534114
0.000323178,138.1704248
0.000457567,143.8070174
0.000588292,148.5356553
0.000719313,153.5767303
0.000849902,157.7718022
0.000976731,161.5256417
0.001111934,165.2850766
0.001238744,168.4289174
0.001362247,171.284688
0.001500833,174.1592321
0.001640543,176.5591597
0.001763548,178.9988832
0.001895205,181.2246892
0.002027116,182.9609195
0.002161924,185.0888426
0.002292986,186.6538387
0.002418526,188.215033
0.002551565,189.9806723
0.00268253,191.2472071
0.002809177,192.5625968
0.002937687,194.1308708
0.003078357,194.9969065
0.003203388,196.2188143
0.003338853,197.3960157
0.003467819,198.1423278
0.003600156,199.4102677
0.003620396,196.4601531
0.003609128,194.96784
0.0036025,182.2401998
0.00371967,189.5554096
0.003865977,197.3916438
0.003987219,200.0200075
0.004119067,201.6039402
0.004250715,202.516102
0.004386274,203.2374751
0.004519887,204.210837
0.004651515,204.7735196
0.004788979,205.3352063
0.004897324,205.2024672
0.004780519,196.2524156
0.004652348,187.3890917
0.004524459,178.7331441
0.004388565,169.8607173
0.004248029,161.154729
0.004121398,152.3398633
0.003987905,143.3783621
0.00385505,134.9770067
0.003723954,126.0294667
0.003589271,117.286119
0.003462272,108.8683451
0.003326449,100.0413784
0.003194402,91.34694614
0.003066865,82.9750561
0.00293165,74.22673945
0.002806389,65.96530521
0.002671856,57.2601228
0.002538839,48.72526635
0.002404086,40.47313541
0.002286312,31.98880823
0.002138609,23.434913
0.002008898,15.71418523
0.001880468,6.994584378
0.001751116,-1.214600852
0.001616083,-9.350992984
0.001491732,-17.75883623
0.00135562,-25.88243862
0.001225746,-33.88006294
0.001095627,-42.27078923
0.000960559,-49.90722172
0.000830258,-57.97105689
0.000701057,-66.03711349
0.000567281,-73.71821894
0.000439993,-81.49323843
0.000311694,-89.39171664
0.00017766,-96.76058114
4.2624E-05,-104.493836
-8.31113E-05,-111.5133048
-0.000214192,-118.4603265
-0.000340963,-125.1460457
-0.000476943,-130.9570586
-0.000602963,-136.640032
-0.000737196,-141.9036638
-0.000869877,-146.2489268
-0.001002464,-150.8219077
-0.001134451,-154.4660409
-0.001265542,-157.8541226
-0.001395222,-161.2947587
-0.001524873,-164.1289496
-0.00165536,-166.7251317
-0.001792569,-169.5697116
-0.001917709,-171.5773744
-0.002050801,-173.7334328
-0.002185134,-175.9080874
-0.002317967,-177.4556295
-0.002446167,-179.3825357
-0.00257783,-181.0530166
-0.00270562,-182.4937377
-0.0028429,-183.9430565
-0.002970016,-185.2164268
-0.003100923,-186.4218304
-0.003235362,-187.7573132
-0.003360543,-188.6994873
-0.003497668,-189.9291931
-0.003629572,-190.9355862
-0.003756139,-191.6448396
-0.003893484,-192.7622273
-0.004021492,-193.6007936
-0.004152222,-194.1922337
-0.004285201,-195.1709279
-0.004415245,-195.8004539
-0.004543285,-196.4473819
-0.004679327,-197.2498207
-0.004805105,-197.6199672
-0.004915688,-196.8236123
-0.004782741,-187.4941004
-0.004655,-178.1740338
-0.004524839,-169.371958
-0.004388222,-160.3675417
-0.004255795,-151.3888807
-0.004117024,-142.4548635
-0.003987254,-133.443833
-0.003856609,-124.4679383
-0.003719893,-115.8890207
-0.003584069,-106.7474601
-0.003452142,-97.87314176
-0.003317205,-89.18759106
-0.003192746,-80.29972492
-0.003055271,-71.68006355
-0.002925923,-62.97251356
-0.002795336,-54.0697112
-0.002665546,-45.70438942
-0.002523663,-36.69407299
-0.00239963,-28.25051664
-0.002267707,-19.99298474
-0.00213665,-11.26975004
-0.002005808,-2.908942538
-0.001872601,5.284027476
-0.001741371,13.94401247
-0.001605859,21.84116345
-0.001481437,30.06278934
-0.001344813,38.42200844
-0.00121835,46.35822597
-0.001087944,54.41954114
-0.00094953,62.64738454
-0.000819449,70.25490081
-0.000694241,78.3823454
-0.000560786,85.97136155
-0.00043359,93.61000503
-0.000302293,101.5743788
-0.000167242,109.0654556
-4.10408E-05,116.0799972
9.09446E-05,123.4737297
0.000222132,130.206694
0.00035312,136.8418234
0.000483492,142.82116
0.000620462,148.3584186
0.000745784,153.6232176
0.000882237,158.1577701
0.001008901,162.4192763
0.001144515,166.4957812
0.001273169,169.8062713
0.001407665,172.9883776
0.00153348,176.2927338
0.001670435,178.792271
0.001803037,181.4712788
0.00192779,183.9998346
0.002063351,185.9359397
0.002196115,188.2341824
0.002326873,190.1100667
0.002460573,191.6399938
0.002590449,193.6630376
0.002718601,195.0471435
0.002851603,196.292867
0.002984732,198.0390144
0.003114963,199.0442802
0.003242977,200.3611355
0.003378911,201.5394455
0.003505403,202.462489
0.003637016,203.5839541
0.00377506,204.3972892
0.003896174,205.304102
0.004028872,206.4172159
0.004160129,207.0819237
0.00429533,207.8060048
0.004427991,208.7075646
0.004554333,209.1247036
0.004689442,209.8989694
0.004818608,210.7795885
0.004901869,208.7484879
0.004775928,199.0175144
0.004636534,190.1004105
0.004503746,180.8600065
0.004376593,172.0795584
0.004238656,163.3346846
0.004107983,154.2587607
0.003974735,145.7164361
0.003838653,136.7842707
0.003708849,127.9391401
0.003581201,119.4480901
0.003441093,110.5282554
0.003313221,101.9653157
0.003180947,93.43308784
0.003043726,84.67883345
0.002917228,76.30974108
0.0027888,67.90598891
0.002648359,59.07286317
0.002518052,50.96143211
0.002394747,42.5050879
0.002252642,33.98016944
0.002123035,25.72262689
0.001998865,17.27642675
0.001862563,8.842801717
0.001733461,0.895521338
0.001601715,-7.57812214
0.001463927,-15.31608252
0.001340299,-23.64213899
0.001204758,-31.91551761
0.00107712,-39.69632662
0.00094143,-47.8237211
0.000814941,-55.99006376
0.000682069,-63.4335885
0.000554962,-71.74853759
0.000425958,-79.56151146
0.000289747,-87.10631814
0.000163066,-95.05330462
2.88429E-05,-102.4243488
-0.000101546,-109.6557788
-0.000232447,-116.9010802
-0.00035861,-123.4092684
-0.000496095,-129.7580583
-0.000620311,-135.7735892
-0.000759501,-141.027615
-0.000889188,-146.1664916
-0.00101971,-150.6773433
-0.001151324,-154.6835807
-0.001278901,-158.6685663
-0.001409548,-162.0051709
-0.001546615,-165.1663656
-0.001674041,-168.4474134
-0.001808166,-170.9334466
-0.001941034,-173.4559331
-0.002069802,-175.853038
-0.002201691,-177.7474182
-0.002334281,-180.0661967
-0.002465658,-181.970805
-0.002591205,-183.5161298
-0.002737062,-185.2602375
-0.002859732,-186.6670984
-0.002988953,-188.0200667
-0.003129051,-189.6791627
-0.003255754,-190.6818187
-0.003385703,-191.9396452
-0.003515083,-193.1927408
-0.003642671,-194.043834
-0.003779684,-195.1966017
-0.003909153,-196.2035649
-0.004040369,-196.917092
-0.004172381,-197.9304481
-0.004304887,-198.6896608
-0.004430405,-199.3071485
-0.004564999,-200.2453599
-0.004693929,-200.6323404
-0.004818277,-201.4671236
-0.004896526,-199.2698935
-0.004768582,-189.3878792
-0.004635319,-180.4171937
-0.004500023,-171.4608159
-0.004366954,-162.2431483
-0.004234075,-153.5630447
-0.004098383,-144.5596243
-0.003966409,-135.4231225
-0.003834077,-126.7860237
-0.003702854,-117.7457388
-0.003567146,-108.8513899
-0.003430407,-100.303921
-0.003304417,-91.31642021
-0.003172012,-82.6969029
-0.003041445,-74.05723609
-0.002907031,-65.0823269
-0.002772734,-56.36948639
-0.002639073,-47.93264654
-0.002512135,-39.06183784
-0.002379857,-30.78606658
-0.002247079,-22.05092613
-0.002118207,-13.69807361
-0.001980351,-5.181712269
-0.001855993,3.067077123
-0.001725279,11.17748975
-0.001589016,19.31912042
-0.00146296,27.64811966
-0.00132626,35.49827541
-0.001198854,43.8137026
-0.001065663,51.8292341
-0.000940977,59.43662927
-0.000796946,67.6561924
-0.000681785,75.4754151
-0.000541919,83.01457007
-0.000412739,91.18932453
-0.000283559,98.57698771
-0.000149104,106.2556984
-2.09796E-05,113.7352359
0.000110607,120.7411151
0.000244068,127.9359833
0.000380285,134.7773261
0.000503681,140.8983
0.000635768,147.0824219
0.000767162,152.4186783
0.000897915,157.5111992
0.00102751,162.2891616
0.001156881,166.3030822
0.001293042,170.3847107
0.001423699,174.013559
0.001556501,177.1007512
0.001681441,180.3570229
0.001816344,183.0816536
0.001955337,185.4767354
0.002086461,188.1617457
0.002211171,190.2000389
0.002342937,192.2611853
0.002472417,194.3561271
0.002607271,195.7374437
0.002743381,197.6238484
0.002867542,199.2049437
0.003001645,200.5432973
0.003128571,202.2620755
0.003266247,203.3041557
0.003387683,204.6180589
0.003523267,206.0048559
0.003659927,206.8122867
0.003786423,208.003988
0.003918334,208.9822103
0.00404721,209.7005018
0.004173641,210.8993873
0.00431351,211.4615104
0.004441026,212.1656674
0.004576986,213.0931579
0.004707355,213.5728749
0.004832269,214.279934
0.004884432,210.969851
0.004752728,200.9722136
0.004622324,192.2053196
0.004487843,183.1051582
0.004353986,174.1452228
0.004220289,165.5132371
0.0040981,156.5895608
0.003952023,147.6891114
0.003821301,139.0540921
0.003688925,130.0918392
0.003556365,121.5911832
0.003423798,112.8641205
0.003292298,104.3156954
0.003161273,95.60494475
0.003029525,87.01914355
0.002900786,78.46605422
0.002765262,70.21691303
0.002634265,61.37581601
0.002492701,53.11128972
0.002379948,44.78468019
0.002224277,36.32785788
0.002117835,28.15139141
0.001984167,19.67456053
0.001846159,11.37051463
0.001713316,3.384491041
0.001583125,-5.036862654
0.001446656,-12.98485149
0.001321843,-21.07425716
0.001190882,-29.40031342
0.001057377,-37.17003822
0.000930627,-45.38097032
0.000795964,-53.35778957
0.000667142,-61.04551339
0.000534637,-69.08952685
0.000404811,-76.79011787
0.000270272,-84.63827766
0.000136433,-92.47924912
6.37195E-06,-99.82930242
-0.000120373,-107.3755747
-0.00025102,-114.5757188
-0.000380433,-121.1832849
-0.000505121,-128.0302293
-0.000646746,-134.1738581
-0.000773355,-139.8245268
-0.000906127,-145.4569605
-0.001040719,-150.0022131
-0.001169194,-154.6299511
-0.001302463,-158.681991
-0.001427265,-162.3965713
-0.001563693,-165.9315829
-0.001693754,-169.0910969
-0.00182767,-171.9022091
-0.001956518,-174.8151335
-0.002077504,-177.004075
-0.002223085,-179.5063848
-0.002351229,-181.6824424
-0.00248128,-183.4347719
-0.002615981,-185.6336639
-0.002744994,-187.212899
-0.002878307,-188.7375732
-0.003002374,-190.6490484
-0.003137064,-191.7082236
-0.003270609,-193.1703782
-0.003398089,-194.5993074
-0.003531587,-195.5752456
-0.003663001,-196.8737365
-0.003797326,-197.8471151
-0.003920673,-198.8468356
-0.004059596,-199.9661315
-0.004186505,-200.5898993
-0.004325308,-201.6152603
-0.004447242,-202.3840477
-0.004582206,-202.9613784
-0.004708809,-203.9944539
-0.00484345,-204.4149855
-0.004874243,-200.3565694
-0.004751099,-191.0950263
-0.004615292,-181.6634558
-0.004479325,-172.8150723
-0.004345284,-163.9051798
-0.004210894,-154.7942516
-0.004081543,-146.0677108
-0.003941964,-137.0805858
-0.003805326,-128.1098919
-0.003682931,-119.4491758
-0.003545447,-110.4023498
-0.003411432,-101.5774062
-0.003286679,-92.95422682
-0.003150441,-84.17704196
-0.003012871,-75.44003709
-0.002884,-66.76719283
-0.00276447,-57.87325533
-0.002609879,-49.59101602
-0.002489786,-40.76381132
-0.002358036,-32.2694355
-0.002227331,-24.04637946
-0.002095829,-15.36861025
-0.00196877,-7.25514712
-0.001835687,0.972261324
-0.001701501,9.38064224
-0.001577687,17.5370039
-0.001435202,25.5424903
-0.001305659,33.65634531
-0.00118289,41.45769423
-0.00104845,49.63989593
-0.000915827,57.39164256
-0.00078206,65.32183675
-0.000659798,73.32482884
-0.000519359,80.87300943
-0.000397806,88.61638602
-0.000261723,96.39489634
-0.000132003,103.7641784
2.7536E-06,111.5216791
0.000131815,118.6897251
0.000260711,125.7108642
0.000389999,132.8099288
0.000519042,139.2208729
0.000653211,145.1932758
0.000783712,151.3657999
0.000916938,156.5754513
0.001041359,161.5819647
0.001180095,166.2041887
0.001310142,170.1109126
0.001440643,174.0977251
0.001569854,177.7774639
0.001702048,180.728182
0.001831185,183.9765262
0.001965887,186.6201874
0.002100642,189.2135468
0.002228276,191.677706
0.002355384,193.75539
0.00249255,195.8331073
0.002624765,197.9265815
0.002758944,199.4225983
0.002887172,201.3711823
0.00301747,202.868715
0.003153031,204.1265582
0.00327493,205.8258593
0.003407114,206.9824101
0.003541412,208.1378837
0.003673266,209.5047275
0.003794414,210.4301302
0.003932704,211.5798685
0.004069315,212.6341311
0.004197105,213.3026492
0.004329446,214.3193729
0.004460136,215.1095896
0.004590793,215.773243
0.004720487,216.5887432
0.004847799,217.2376567
0.004865443,212.0898797
0.004731503,202.5442561
0.00459772,193.3297536
0.004461901,184.6924502
0.004332447,175.8083129
0.004197615,166.5876283
0.004065906,157.8818676
0.003934484,149.1623732
0.003802836,140.1578108
0.003670757,131.8823276
0.00353796,122.7831121
0.003402718,114.1010105
0.003277981,105.7588739
0.003135709,97.00647136
0.003005601,88.40064802
0.002871967,80.248158
0.002750244,71.47326348
0.002608907,63.27064505
0.002483086,54.86272561
0.002350659,46.32906756
0.002214697,38.1808513
0.002091979,29.93219448
0.001956403,21.41984467
0.001824723,13.39176728
0.001693779,4.987138857
0.001559349,-3.079314219
0.001428357,-11.08775237
0.001300496,-19.54861669
0.001166407,-27.39812898
0.001038742,-35.29942156
0.000911955,-43.53471428
0.00077737,-51.23313396
0.000636643,-59.31404745
0.000511143,-67.21196194
0.00038346,-74.80942747
0.000249497,-82.76302814
0.000120128,-90.51406283
-9.55152E-06,-97.77641751
-0.000145985,-105.43306
-0.000266407,-112.6934334
-0.000397695,-119.663087
-0.000531641,-126.5458102
-0.000662671,-132.6615562
-0.000787024,-138.8679175
-0.000912675,-144.4114396
-0.001055493,-149.4711588
-0.001188231,-154.4211216
-0.001315028,-158.7373494
-0.001453176,-162.6086472
-0.001582549,-166.5332637
-0.001709672,-169.5157061
-0.001846405,-172.8758632
-0.001973667,-175.9174993
-0.002102168,-178.2549052
-0.002238374,-180.801696
-0.002368817,-183.2699473
-0.002504923,-185.0949264
-0.002629094,-187.3433393
-0.002760467,-189.0877727
-0.002892451,-190.6780022
-0.00302164,-192.5042027
-0.003152958,-193.9176361
-0.003288089,-195.2625474
-0.003417414,-196.8575726
-0.003548181,-197.8862449
-0.003683364,-199.2255609
-0.00381304,-200.3680357
-0.003945523,-201.1768194
-0.00407115,-202.4713622
-0.00420607,-203.310321
-0.004334673,-203.9662371
-0.004465997,-205.1008158
-0.004596987,-205.6615734
-0.004732095,-206.3539781
-0.00486401,-207.3296387
-0.004852417,-201.525501
-0.00472542,-192.0387183
-0.004595906,-183.0335024
-0.004457036,-173.7434147
-0.004330778,-164.8789321
-0.004189994,-155.9935713
-0.004054425,-146.9664166
-0.00392193,-138.2738363
-0.003795357,-129.2523104
-0.003657557,-120.3794347
-0.00352826,-111.5413191
-0.003387999,-102.8789286
-0.003262591,-93.98593474
-0.003126486,-85.62538779
-0.002990222,-76.67541127
-0.002867594,-68.04934658
-0.002731909,-59.29971669
-0.002605502,-50.81065644
-0.00247203,-42.25236845
-0.002334993,-33.91240944
-0.002207377,-25.38021286
-0.002081747,-17.28314074
-0.001948684,-8.713140114
-0.00181387,-0.677404545
-0.001679808,7.247931635
-0.001552351,15.65356117
-0.001418894,23.5303094
-0.001291236,31.43417626
-0.001160029,39.8200296
-0.00103014,47.50398909
-0.000895228,55.33075506
-0.000769445,63.45454389
-0.00063285,71.07725526
-0.000503674,78.86950758
-0.000371774,86.58833565
-0.000241188,94.08777205
-0.000115793,102.0329901
1.72724E-05,109.3104481
0.000149677,116.5879728
0.000278821,123.9774398
0.000410294,130.8832105
0.000538632,137.6316059
0.000671189,144.1710633
0.000805659,149.9722655
0.000932542,155.9345258
0.001061973,161.0057113
0.001191807,165.6515214
0.001331817,170.262655
0.001456931,174.0306206
0.001582094,177.9347828
0.001724507,181.4280715
0.00184777,184.7180906
0.001983547,187.6106756
0.002113118,190.3331538
0.002241182,192.6303839
0.002378783,195.1929648
0.002505556,197.1713147
0.002638128,199.3261518
0.002772566,201.2773121
0.002901372,202.778465
0.003029339,204.6208962
0.003162507,206.252573
0.00328801,207.4761301
0.003433856,209.1631403
0.003553979,210.3125237
0.003686269,211.4584621
0.003818813,212.7347846
0.003949039,213.6844686
0.004075662,214.7579599
0.004210516,215.6952841
0.004344572,216.5048966
0.004473997,217.5414336
0.004602577,218.1837705
0.004732919,218.9328991
0.004861779,219.7083341
0.004840979,212.9691
0.004710526,203.3638693
0.004580924,194.4042763
0.004448722,185.1859092
0.004307895,176.5202742
0.004175224,167.5005417
0.004049227,158.5035142
0.003912019,149.998217
0.003779157,141.0017929
0.003643808,132.4966669
0.003513144,123.8256495
0.00338182,115.1507989
0.003254568,106.7138838
0.003115717,98.22702624
0.002983948,89.51260525
0.00285833,81.26934334
0.002725348,72.71132051
0.002588721,64.52487637
0.002459753,56.17143843
0.002323961,47.68938697
0.002216413,39.42806965
0.002040688,31.25299367
0.001922246,22.83081654
0.00181549,14.84592872
0.001670475,6.302590731
0.001543632,-1.780364301
0.001404265,-9.553567944
0.001280008,-17.99220644
0.001151251,-25.87667208
0.00101858,-33.5949427
0.000882491,-41.9399062
0.000759145,-49.65193635
0.000626096,-57.62156726
0.000498419,-65.52767851
0.00036237,-73.13155154
0.000233095,-81.13331808
0.000103676,-88.70975097
-2.35171E-05,-96.08583514
-0.000157914,-103.8625332
-0.000290408,-111.078908
-0.000415888,-118.238014
-0.000554576,-125.2412271
-0.000683975,-131.5430579
-0.000811687,-138.0229228
-0.000944818,-143.767088
-0.00107779,-148.942566
-0.001199581,-154.1757534
-0.001335416,-158.7307602
-0.001466383,-162.8978575
-0.00159583,-166.9160185
-0.001727808,-170.2197232
-0.001860143,-173.7082496
-0.001982179,-176.6615753
-0.002124191,-179.3317914
-0.002256859,-181.9859584
-0.002391114,-184.2283688
-0.002512222,-186.4962902
-0.002652677,-188.6968942
-0.002773504,-190.2992581
-0.002910853,-192.4446666
-0.003039734,-194.1979898
-0.003172572,-195.5266225
-0.003301956,-197.2718889
-0.003434897,-198.6459148
-0.003559003,-199.7821763
-0.003700726,-201.2836883
-0.003831771,-202.1957708
-0.003958602,-203.3993141
-0.004086176,-204.5184952
-0.004222322,-205.3924082
-0.004347624,-206.5313776
-0.00448308,-207.2181202
-0.004606372,-207.9225131
-0.004744343,-208.9252756
-0.00487086,-209.3673911
-0.004835408,-202.2111183
-0.00469653,-192.8018143
-0.004569205,-183.4917128
-0.004435554,-174.7106112
-0.004302867,-165.615279
-0.004169038,-156.5851889
-0.004031194,-147.8535915
-0.003904079,-138.7985144
-0.003768879,-129.8833355
-0.003638312,-121.2880013
-0.003506727,-112.3437976
-0.003367423,-103.7732875
-0.003237038,-94.70043899
-0.003104091,-86.0613338
-0.002980747,-77.60365757
-0.002842967,-68.8176872
-0.00271541,-60.26078969
-0.002582039,-51.92394779
-0.002436343,-42.9647306
-0.002323436,-34.93055284
-0.002186637,-26.560118
-0.00205186,-18.05814587
-0.001925636,-10.0190607
-0.001794613,-1.810313806
-0.001660227,6.440413391
-0.001535432,14.32784309
-0.001395709,22.53385213
-0.001266618,30.31573845
-0.001141646,38.39540133
-0.001007205,46.35194791
-0.000874367,54.22105684
-0.000749593,62.17036079
-0.000617234,69.90860135
-0.000485773,77.51351411
-0.000353729,85.41854806
-0.000223824,92.94152873
-8.89559E-05,100.5836797
3.84234E-05,108.1961024
0.000165552,115.2166631
0.000296636,122.6735269
0.000427253,129.7764248
0.000558257,136.6487904
0.000697863,143.2953234
0.000819469,149.2109316
0.000951878,155.051558
0.001082296,160.7233825
0.001215687,165.4728337
0.001344179,170.4223393
0.001482727,174.3680302
0.001607291,178.294296
0.0017397,182.1557081
0.001868664,185.2657994
0.001999814,188.3185113
0.002129793,191.5152803
0.002265752,193.6993948
0.002394413,196.329387
0.002525982,198.5382462
0.002657805,200.5827381
0.002788514,202.6367233
0.002914903,204.5230132
0.003047298,206.1182994
0.003181393,207.954417
0.003314978,209.1911796
0.003442969,210.9015586
0.003565834,212.0039036
0.003704119,213.3445516
0.00383871,214.7255153
0.003966338,215.6659503
0.004098432,216.6900439
0.004229871,217.9420225
0.004351404,218.6815262
0.004490628,219.7831404
0.004624738,220.5143764
0.004750801,221.1484664
0.004886655,222.1370046
0.004822017,213.3951811
0.0046866,203.9645397
0.004552805,194.9634034
0.004423146,185.8082406
0.004288857,177.1223622
0.004154771,168.2834553
0.004025003,159.3007502
0.003892189,150.8707938
0.003757257,141.813203
0.003628784,133.2183407
0.003490722,124.7315562
0.00336221,115.8855862
0.003227118,107.5702885
0.003102135,99.0276549
0.002964497,90.35574807
0.002834602,82.14479091
0.002698669,73.61043554
0.002569417,65.25040846
0.002440024,56.98844183
0.002303125,48.40989578
0.002178048,40.43321014
0.002052986,32.07405994
0.001908697,23.77650026
0.001787598,15.82442453
0.001655601,7.225962611
0.001524829,-0.652066917
0.001391595,-8.521345164
0.001266298,-16.86245143
0.001128096,-24.63225139
0.001001337,-32.69866292
0.000858177,-40.68466229
0.000738252,-48.55331399
0.00060818,-56.60659734
0.000473383,-64.3251352
0.000346173,-71.99156332
0.000215735,-80.10842896
8.8053E-05,-87.37835404
-5.5335E-05,-95.09887742
-0.000175288,-102.7132897
-0.000305892,-109.8861711
-0.000439723,-117.423065
-0.000568076,-124.1402163
-0.000691273,-130.6115921
-0.000833215,-137.3086628
-0.000958932,-142.9692319
-0.001089109,-148.6275671
-0.00122628,-153.7937335
-0.001359143,-158.4507489
-0.001480658,-162.9709477
-0.001619979,-166.8865114
-0.001749013,-170.5920389
-0.001876421,-174.1387945
-0.002010664,-177.0127206
-0.002150776,-180.1428111
-0.002274702,-182.6712186
-0.002405257,-184.9016554
-0.002534495,-187.5701427
-0.002661577,-189.6231487
-0.002794808,-191.5204184
-0.002921227,-193.6980252
-0.003062751,-195.2260441
-0.003188235,-196.9318863
-0.003320359,-198.5958574
-0.003457132,-199.8550368
-0.003578975,-201.432919
-0.003715074,-202.4626685
-0.003838412,-203.7529042
-0.003978977,-205.070674
-0.004109204,-205.9152428
-0.004235415,-207.0217028
-0.004368128,-208.1261084
-0.004499839,-208.7874172
-0.004626893,-209.9217684
-0.004759532,-210.6090768
-0.004891538,-211.2129978
-0.004813201,-202.5726525
-0.004681365,-192.8705973
-0.004553003,-183.9214434
-0.004418785,-175.0630781
-0.004278296,-165.8391971
-0.004147917,-157.1747688
-0.004019442,-148.3156185
-0.003875753,-139.430502
-0.00374508,-130.5712702
-0.003618279,-121.5050609
-0.003482504,-112.8623835
-0.003351524,-104.357673
-0.003217218,-95.19054498
-0.003095318,-86.73414858
-0.002951929,-78.078201
-0.002824834,-69.29733742
-0.002692005,-61.00289276
-0.002558964,-52.3874258
-0.002437525,-43.89092041
-0.002289244,-35.61986134
-0.002166251,-27.20270958
-0.002032658,-19.0444261
-0.001907215,-10.79671652
-0.001775514,-2.631177879
-0.001643016,5.182709409
-0.001503917,13.79442185
-0.00138573,21.56247995
-0.00124807,29.40393995
-0.001118052,37.57127015
-0.000988089,45.34320177
-0.000856653,53.1822754
-0.000726431,61.24049643
-0.000596325,68.66976975
-0.000466156,76.65501333
-0.000339093,84.23430026
-0.000204794,91.75070015
-7.62265E-05,99.50317752
5.11397E-05,107.127509
0.000185551,114.3499343
0.000314889,121.6856798
0.000447969,128.5481053
0.000578666,135.7868426
0.000710463,142.2561787
0.000841048,148.4751233
0.000967946,154.5613789
0.001099594,160.0382705
0.001232528,165.3181079
0.001360941,169.8676009
0.001486969,174.4043874
0.001625858,178.5427125
0.001756425,182.1412228
0.001885428,185.5292064
0.002017809,188.8581946
0.002153174,191.5137959
0.00228415,194.6166467
0.002407494,196.9320157
0.002544796,199.085026
0.002670898,201.6000589
0.002803701,203.3534469
0.002934783,205.1934625
0.003075321,207.2600894
0.00319769,208.6473604
0.003328975,210.4194824
0.003459159,211.8274833
0.003594298,213.0836584
0.00372071,214.5370483
0.003856492,215.7476256
0.00398988,216.9610004
0.004117714,218.1191944
0.004244404,218.9737367
0.004378816,220.1994088
0.004496865,220.9617741
0.004634962,221.685828
0.004768855,222.7286494
0.004895437,222.9882691
0.004799633,213.3250514
0.004671122,203.8047092
0.004541088,194.7153272
0.004405395,185.9459048
0.004268142,176.9826102
0.004134375,168.111766
0.004001718,159.4609398
0.003866899,150.4361694
0.00373953,142.124874
0.003605814,133.3990181
0.003471184,124.6787575
0.003342485,116.1529976
0.003203842,107.5250894
0.003077353,99.00596878
0.00294865,90.87299565
0.002809434,82.18144249
0.002683579,73.90390285
0.002548254,65.57651875
0.002426422,57.07899241
0.002292895,49.00884578
0.002154834,40.55063716
0.002029037,32.28890436
0.001894288,24.40448132
0.00176166,16.01512713
0.001629751,8.040153091
0.001507545,-0.112218556
0.001367403,-8.244094734
0.001241594,-15.99619191
0.001109282,-24.23368978
0.00098123,-32.21450302
0.00084763,-39.96185272
0.000711869,-48.0608759
0.000587667,-55.80578495
0.000455998,-63.61629311
0.000329026,-71.50033199
0.00019277,-78.96384337
6.76064E-05,-86.99983962
-6.55693E-05,-94.23821784
-0.000196557,-101.9189182
-0.000330833,-109.4627123
-0.000458783,-116.3937581
-0.00058521,-123.4002323
-0.00071745,-130.2470974
-0.000846564,-136.3962401
-0.000978711,-142.6884377
-0.001112507,-148.1656549
-0.001238489,-153.3263074
-0.001372948,-158.4341612
-0.001498757,-162.8277195
-0.001628983,-166.9566494
-0.001766005,-170.7523601
-0.001896342,-174.0864864
-0.002025336,-177.4854142
-0.002159283,-180.2185257
-0.002289544,-183.0034086
-0.002423625,-185.7120551
-0.002554361,-187.7633637
-0.002688252,-190.1548732
-0.002813847,-192.1653087
-0.002944885,-193.9036248
-0.003087323,-195.7893447
-0.00320587,-197.4824971
-0.003335327,-199.0853015
-0.003470489,-200.6531852
-0.00359905,-201.8940148
-0.003729859,-203.4228835
-0.003854107,-204.4545893
-0.003993962,-205.5945191
-0.004127283,-207.0583711
-0.004254014,-207.8412199
-0.004385975,-208.8382138
-0.004517531,-209.9403917
-0.004653503,-210.5909128
-0.004776566,-211.6266564
-0.004903764,-211.5873847
-0.004790277,-201.6585825
-0.004664984,-192.3418918
-0.004523361,-183.0987466
-0.004392537,-174.1059281
-0.004261685,-165.3012259
-0.004127567,-156.0728748
-0.0039971,-147.4647361
-0.003860193,-138.5456926
-0.003734096,-129.6029483
-0.003599595,-120.9304715
-0.003460396,-112.0310326
-0.003333908,-103.3845721
-0.003197912,-94.79098122
-0.003065186,-85.86143396
-0.002933258,-77.3640308
-0.002803696,-68.85025083
-0.002670479,-60.24532108
-0.002544935,-52.04744199
-0.002406542,-43.48718519
-0.002280428,-35.27471437
-0.002146563,-27.09959662
-0.002016832,-18.62463475
-0.001884205,-10.69933127
-0.001750668,-2.576011151
-0.00162094,5.571569786
-0.001491924,13.26173969
-0.00135655,21.80076634
-0.001222872,29.50659777
-0.001100795,37.32403538
-0.00097178,45.56943312
-0.000836113,53.12763313
-0.000706901,60.97907497
-0.000580855,68.7627923
-0.000446051,76.43231038
-0.000317497,84.23458629
-0.000183039,91.7318284
-5.86704E-05,99.20699395
6.82715E-05,107.0177756
0.000203393,114.0909388
0.000334313,121.4964487
0.000465107,128.640132
0.000595665,135.3928074
0.000725361,142.2460006
0.000857601,148.8193683
0.000993498,154.4072899
0.001121057,160.3325708
0.001250887,165.3923381
0.001381964,170.2750336
0.001514444,174.7769975
0.001644829,178.7972149
0.001768512,182.8133528
0.001907963,186.1223585
0.002038143,189.2130081
0.002169906,192.4948889
0.002297886,194.7568079
0.002426601,197.7265438
0.002558872,200.1314613
0.002693791,202.032155
0.002824184,204.3414548
0.002955152,206.2370438
0.003090294,207.8087774
0.003220108,209.8067507
0.003347179,211.2264642
0.003478224,212.8683421
0.003608654,214.3028165
0.003742223,215.3413161
0.003862713,217.2133128
0.00400052,218.0806951
0.004135745,219.0273518
0.004262953,220.3757873
0.004396718,221.151118
0.004524288,222.0702363
0.004660752,223.240644
0.004788338,223.6200416
0.004894255,223.3380823
0.004779612,212.7379372
0.004648465,203.2172171
0.004509633,194.5561982
0.004379884,185.2517568
0.004244956,176.4260929
0.004112792,167.8124903
0.003983384,158.8060364
0.003851623,150.1332067
0.003709988,141.3898653
0.003583724,132.7967505
0.003455202,124.3283471
0.003323477,115.5510224
0.003187945,107.1113201
0.003056582,98.87667045
0.002926403,90.26376107
0.002795617,81.78908795
0.00266217,73.58701235
0.002528472,64.95591185
0.002399119,56.95224748
0.002261056,48.61466023
0.002140916,40.52005068
0.002001953,32.24691216
0.001875278,23.93315939
0.001747794,15.84357876
0.001617773,7.680119372
0.001477772,-0.604268544
0.001350304,-8.416509549
0.001224846,-16.52804124
0.0010859,-24.57128305
0.000963324,-32.36638105
0.000830157,-40.47729434
0.000693828,-48.42132447
0.000557118,-55.88842898
0.000437842,-64.13295401
0.000306501,-71.54231584
0.000178612,-79.36368481
4.65009E-05,-87.20286284
-9.02241E-05,-94.42799596
-0.000214053,-102.1144295
-0.00034534,-109.5056503
-0.000474083,-116.6283511
-0.000608394,-123.7828076
-0.000737861,-130.4624032
-0.000864577,-136.9294302
-0.000996448,-143.2550996
-0.001130476,-148.6129858
-0.001260965,-154.1700286
-0.00139421,-159.1037774
-0.001525898,-163.5094242
-0.001651022,-167.9002433
-0.001787468,-171.5655971
-0.001913431,-175.0118765
-0.002049415,-178.4741737
-0.00217776,-181.2033392
-0.0023113,-184.1375155
-0.002437698,-186.7185756
-0.002574167,-188.8815843
-0.002701572,-191.4455661
-0.002835456,-193.3237031
-0.002961961,-195.0802562
-0.003103948,-197.1998113
-0.003228181,-198.8201659
-0.003355975,-200.4121408
-0.003488842,-202.0373892
-0.00361901,-203.1845135
-0.003752784,-204.7501945
-0.003890825,-205.7343546
-0.004007033,-207.0122763
-0.004143315,-208.4066751
-0.004275137,-209.2790766
-0.00440223,-210.3406256
-0.004534338,-211.4866476
-0.004670854,-211.9479501
-0.004792571,-213.1139317
-0.004897285,-212.0353669
-0.004774418,-201.6808135
-0.004638441,-192.3874814
-0.004507965,-183.2488082
-0.004371626,-174.0983431
-0.004242095,-165.3330963
-0.00410769,-156.1875083
-0.003973578,-147.4516225
-0.003837149,-138.6929315
-0.003710678,-129.5938559
-0.003577494,-120.9579868
-0.003446878,-112.1596211
-0.003311648,-103.3041181
-0.003177347,-94.82587068
-0.003044003,-86.07445572
-0.002914912,-77.225615
-0.002786528,-69.01389996
-0.002655501,-60.33895119
-0.002511435,-52.05873706
-0.002395845,-43.56159488
-0.002257795,-35.12835651
-0.002125056,-27.14493559
-0.001996388,-18.69396271
-0.00187054,-10.45499189
-0.001734694,-2.74464744
-0.001604681,5.554391669
-0.001474441,13.32158186
-0.001341959,21.4706036
-0.001206397,29.65311429
-0.001081704,37.30857721
-0.000951245,45.30544574
-0.000815512,53.23802212
-0.000689468,60.55039247
-0.00055197,68.75030509
-0.000430462,76.48482517
-0.000296281,83.99222031
-0.000166944,91.85654397
-3.60153E-05,99.26051089
0.000100131,106.8269369
0.000229626,114.3755831
0.000356467,121.3917469
0.000482543,128.7144206
0.000618471,135.6823455
0.000745494,142.2145373
0.000882163,148.8815455
0.001009115,154.6077033
0.001139814,160.3643766
0.001273781,165.9033306
0.001404953,170.4957239
0.001526378,175.0117617
0.001671749,179.4418275
0.001794372,183.1562763
0.001925978,186.7926617
0.002058703,189.908626
0.002183858,192.8200994
0.002315265,195.9041598
0.002446952,198.2318595
0.0025826,200.5915132
0.002711167,203.0184008
0.002844859,204.8873055
0.002978768,207.1218365
0.00310128,208.8982384
0.003235329,210.3570776
0.003373394,212.2889528
0.003502188,213.7455163
0.003626717,215.1174815
0.003762551,216.5823336
0.003886769,217.8214512
0.004027518,218.9530465
0.00415108,220.2700187
0.004283465,221.0605695
0.004412509,222.2948225
0.004547506,223.243901
0.004675272,224.150743
0.004810565,225.0270403
0.004886661,222.8895572
0.004759125,212.1871092
0.004626061,203.0417906
0.004498352,193.5637683
0.004362621,184.9876316
0.004230528,176.0006193
0.004090609,167.004784
0.003959288,158.5171017
0.003829559,149.773468
0.0037061,140.8586649
0.003570849,132.5220798
0.00342775,123.8195969
0.003301986,115.2597076
0.003167208,106.9573188
0.003041377,98.35340371
0.002911552,90.10192208
0.002775681,81.65755566
0.00264703,73.2449783
0.002514711,65.11144147
0.00237938,56.70438011
0.002251784,48.34597735
0.002120811,40.51890447
0.001974463,32.02809254
0.001865027,23.86612594
0.001723562,15.87477968
0.00159447,7.455618607
0.001463338,-0.594694414
0.001334808,-8.50857672
0.001203853,-16.72039239
0.001068644,-24.46630984
0.000943951,-32.65919488
0.000811011,-40.52851677
0.000677312,-48.14637815
0.000547362,-56.42682402
0.0004193,-64.05704944
0.000286733,-71.74629527
0.000158959,-79.66233826
2.8728E-05,-87.15781198
-0.000106767,-94.64129539
-0.000230439,-102.4099617
-0.000364313,-109.4253927
-0.000493279,-116.9399407
-0.000628089,-123.8984286
-0.00075792,-130.5420324
-0.000884846,-137.1620273
-0.001016689,-143.2543814
-0.001148084,-149.0526001
-0.00128376,-154.5225915
-0.001413146,-159.3509391
-0.001547132,-164.2073909
-0.001676799,-168.103707
-0.001802135,-171.9535881
-0.001936001,-175.6500461
-0.002065664,-178.6568408
-0.002195405,-181.7885305
-0.002330466,-184.7316468
-0.002461609,-187.0725415
-0.002591831,-189.5550338
-0.002722438,-191.7890449
-0.002850677,-193.6938496
-0.002982385,-195.8949755
-0.003115423,-197.4050685
-0.003246947,-199.2131321
-0.003375823,-201.1450115
-0.003508437,-202.361491
-0.003640985,-203.9135845
-0.003772504,-205.2750522
-0.003892768,-206.4289933
-0.004027406,-207.8291482
-0.004160594,-208.6852835
-0.004294973,-209.89922
-0.004421246,-211.003611
-0.004555724,-211.8251032
-0.004675537,-212.9468857
-0.00481382,-213.8427249
-0.004877385,-211.142221
-0.00475683,-201.0054558
-0.004622108,-191.4344256
-0.004483178,-182.0464236
-0.004350815,-173.3205029
-0.004221386,-164.1492244
-0.004083123,-155.3036302
-0.003958044,-146.4633203
-0.003817423,-137.4363619
-0.003684143,-128.5773514
-0.003553518,-119.900152
-0.003423327,-111.1186412
-0.003294224,-102.6054082
-0.00316046,-93.70430742
-0.003029455,-85.39678051
-0.002894713,-76.55265407
-0.002767677,-67.9679093
-0.002629609,-59.7944806
-0.002495361,-51.15283037
-0.002381269,-42.70125265
-0.002232635,-34.78449563
-0.00210642,-26.23104928
-0.001977323,-18.26581823
-0.00184239,-9.964696109
-0.001715224,-1.938744956
-0.001588463,5.921838799
-0.001454527,14.20191471
-0.001321458,22.0390757
-0.001188326,29.92148817
-0.00106103,37.99724476
-0.000932388,45.64649851
-0.000794623,53.58762867
-0.000670625,61.3920947
-0.00053445,68.95053272
-0.000407482,77.02068352
-0.00027188,84.31443683
-0.000144005,92.08195272
-1.92542E-05,99.65467557
0.000111581,106.9555483
0.000249645,114.5485209
0.000375095,121.7101072
0.000508743,128.7041861
0.000633035,135.8995345
0.000761507,142.170284
0.000894008,148.7965172
0.001026564,154.9702981
0.001156215,160.4182025
0.001291803,166.0179495
0.001423295,170.7173892
0.001559842,175.3356193
0.001680842,179.5070717
0.00181545,183.1888337
0.001942073,186.950895
0.002075762,190.1523616
0.002207321,192.9821325
0.002341477,196.0980322
0.002473027,198.3127957
0.002599569,200.8551332
0.002730621,203.1024687
0.002863251,205.0314293
0.002996153,207.1017099
0.003132483,208.8945639
0.00325883,210.5669447
0.003383241,212.4468959
0.003515613,213.7615507
0.003650451,215.3720696
0.003774989,216.742803
0.003912924,217.8825198
0.004037632,219.4252682
0.004168826,220.3487501
0.004302558,221.4719315
0.004432336,222.6097692
0.004557373,223.6615473
0.004692799,224.5395149
0.004829123,225.2321472
0.004868627,221.4736017
0.00473918,211.0841588
0.004609849,201.476191
0.004466256,192.733357
0.004340437,183.8378661
0.004205006,174.6586936
0.004073287,166.1363828
0.00394117,157.4263504
0.003808845,148.3441129
0.003674877,140.3063713
0.00354567,131.3360949
0.003416339,122.8885717
0.003283468,114.5927721
0.003151182,105.8004736
0.003021607,97.50123318
0.002887295,89.04433988
0.002756473,80.6745293
0.002625401,72.55623559
0.00249278,64.05595751
0.002357841,55.81105459
0.002242899,47.93199305
0.002088401,39.26149341
0.001967869,31.32418395
0.001853038,23.02224403
0.001705991,14.75194452
0.001568923,6.967546142
0.001441926,-1.325760519
0.001314189,-9.242786384
0.001181619,-17.03838233
0.00105366,-25.30804131
0.000923481,-33.09021783
0.000796117,-41.03704981
0.000658144,-49.15793241
0.000529302,-56.75100517
0.000396975,-64.74745196
0.000270983,-72.32960129
0.000140691,-79.91964673
1.03878E-05,-87.78995406
-0.000122882,-95.09201895
-0.000256637,-102.5885595
-0.000386036,-110.1086611
-0.000512518,-117.0234616
-0.000647596,-124.2334413
-0.000774246,-130.8351824
-0.000901295,-137.1750761
-0.001034945,-143.5909287
-0.001167255,-149.2650352
-0.001303558,-154.5301765
-0.00142825,-159.781747
-0.00156614,-164.1081696
-0.001696062,-168.4677216
-0.001823929,-172.4343407
-0.00195183,-175.5788496
-0.002080628,-179.0559076
-0.002207745,-181.9063125
-0.002343418,-184.6598615
-0.002477173,-187.4304722
-0.00261085,-189.6461982
-0.002742252,-192.0440192
-0.002871878,-194.1941086
-0.003007203,-195.7231881
-0.003133356,-197.9775053
-0.003266302,-199.5776686
-0.003393021,-201.2318521
-0.003524641,-202.9102437
-0.003657672,-204.0692728
-0.003789283,-205.5917297
-0.003919881,-206.9655615
-0.00404626,-207.9930917
-0.004181123,-209.3399572
-0.004310648,-210.3253428
-0.0044448,-211.3600426
-0.004567918,-212.6925273
-0.004700941,-213.2819589
-0.004833472,-214.2328747
-0.004864182,-209.7839726
-0.004735352,-199.4327597
-0.004598396,-190.0624875
-0.00446128,-181.0548267
-0.0043344,-172.0165002
-0.004198542,-163.3475372
-0.004066374,-154.2236583
-0.003937393,-145.3675436
-0.003797288,-136.5145106
-0.003667764,-127.6345802
-0.003532808,-118.9896124
-0.003406831,-110.2256205
-0.003267888,-101.3600438
-0.003144522,-92.9842642
-0.003000697,-84.08131986
-0.002875465,-75.58570179
-0.002749613,-67.14438567
-0.002620182,-58.52402905
-0.002478616,-50.39604371
-0.002344607,-42.21922023
-0.002220433,-33.54882915
-0.002090341,-25.59652292
-0.001957601,-17.32461767
-0.001829324,-9.206890806
-0.001694853,-1.261971453
-0.001566177,7.055943354
-0.001435257,14.78449333
-0.001306404,22.89007079
-0.001176188,30.92575178
-0.001043433,38.66875048
-0.00091251,46.71841982
-0.000788575,54.40956348
-0.000649451,62.0513867
-0.000522658,70.05889265
-0.000391365,77.49483027
-0.000256056,85.23518788
-0.000133439,92.9101468
5.98389E-06,100.3339647
0.000129842,108.0209703
0.000264327,115.1975053
0.00039265,122.4135606
0.000523308,129.6755165
0.000655097,136.6121555
0.00079101,143.3153685
0.000919079,149.8386308
0.00104636,155.6042921
0.001177718,161.5051227
0.00131179,166.668433
0.001445261,171.6357184
0.001566391,176.2138207
0.001703378,180.0884611
0.001831873,184.0644754
0.001963665,187.7248205
0.00209638,190.7426096
0.002232387,193.9813958
0.002353338,196.61581
0.002492547,199.0039916
0.002619103,201.6430053
0.002746835,203.5584598
0.00287932,205.4852345
0.003005054,208.0501475
0.003142822,209.449985
0.00327319,211.4463111
0.003402049,212.9783073
0.003537575,214.3825292
0.00366807,216.1583821
0.003799908,217.2711452
0.003925377,218.6511903
0.004061112,219.9411045
0.00418671,220.9193497
0.004321744,222.1621002
0.004450894,223.3699632
0.004585093,223.966577
0.004712033,225.1621219
0.004847307,225.8599111
0.004853845,220.4246213
0.004721593,209.9932342
0.004580354,200.4631628
0.004457814,191.567459
0.004319628,182.7407679
0.004189727,173.5950337
0.004053083,165.0247701
0.003923578,156.2160863
0.003789281,147.3210193
0.00365343,139.1359887
0.003523718,130.2167343
0.003392904,121.8841536
0.00326427,113.4604691
0.003129756,105.0106451
0.002996046,96.47473017
0.002867682,88.07991593
0.002739823,79.64737281
0.002606125,71.64410513
0.002472496,63.11110683
0.002339303,54.95431174
0.002214386,46.80552551
0.00208747,38.38126475
0.001925981,30.36380619
0.001826618,22.14651252
0.001685349,13.7823476
0.001551825,6.149578181
0.001423153,-2.246672891
0.001294339,-10.14298896
0.001161891,-18.05218621
0.001034041,-26.22101733
0.000905805,-33.9321706
0.00077042,-41.94216104
0.00064091,-49.82060876
0.000509881,-57.40767697
0.000382878,-65.3062888
0.000249207,-73.09020238
0.000126794,-80.52849715
-7.09674E-06,-88.50448336
-0.000141592,-95.67181117
-0.000268872,-103.375275
-0.000404686,-110.7541882
-0.000533127,-117.757752
-0.000665424,-124.9345481
-0.000793958,-131.6915453
-0.000926623,-138.0426756
-0.001053081,-144.3745103
-0.001185018,-149.9258116
-0.001317335,-155.1613644
-0.001446006,-160.358489
-0.001572195,-164.7728774
-0.001711793,-169.0665004
-0.001839429,-173.0492979
-0.001975146,-176.2805994
-0.002098242,-179.609504
-0.002236514,-182.5474509
-0.002370572,-185.1876713
-0.002493729,-188.1062871
-0.00262832,-190.196141
-0.002756477,-192.6365513
-0.002889501,-194.6354036
-0.003023154,-196.4056903
-0.003149898,-198.4769167
-0.003280874,-200.1132076
-0.003414878,-201.6197783
-0.00354354,-203.3789078
-0.003671615,-204.5725988
-0.003808028,-205.9332022
-0.003938855,-207.4612044
-0.004067476,-208.4202939
-0.00419888,-209.7713623
-0.004335521,-210.7571445
-0.004461587,-211.8007175
-0.004587672,-212.9579302
-0.004724852,-213.6707934
-0.004849325,-214.6269496
-0.004846593,-208.6463979
-0.004711149,-198.0536124
-0.004577865,-189.107394
-0.004447125,-179.9869412
-0.004317403,-170.9239701
-0.004184827,-162.2069706
-0.004053594,-153.3486533
-0.003912342,-144.1320462
-0.003782714,-135.5393218
-0.003649805,-126.4017009
-0.003513738,-117.9327693
-0.003387692,-109.1756129
-0.003250849,-100.2116814
-0.003118111,-91.81285437
-0.002990363,-83.20389096
-0.002860456,-74.52246787
-0.002724116,-66.18556542
-0.002590473,-57.63024839
-0.002472395,-49.11451214
-0.002333518,-41.18976923
-0.002198075,-32.69682147
-0.002074623,-24.61185554
-0.001937379,-16.33254919
-0.001810282,-8.251722562
-0.001676709,-0.233324097
-0.001543665,7.828712438
-0.00141871,15.78497925
-0.001284817,23.73215509
-0.001150994,31.90572367
-0.001024774,39.55757258
-0.000889606,47.73176334
-0.000760133,55.49182991
-0.000629589,63.09417675
-0.000499191,71.05291135
-0.000366488,78.51570452
-0.000245072,86.28396368
-0.000115782,93.97460626
2.5017E-05,101.1782495
0.000152802,108.8186384
0.000283562,116.0616161
0.000410466,123.1518806
0.000549816,130.792994
0.000674125,137.4372429
0.000804393,143.972769
0.000934014,150.5232041
0.001066515,156.3120611
0.00119164,162.1035758
0.001320909,167.4689635
0.001452748,172.2135543
0.001589876,176.8903058
0.001722436,180.9253823
0.001855476,184.7119921
0.001986243,188.4600735
0.002119454,191.4050667
0.00224682,194.5178993
0.002375745,197.182685
0.002511725,199.5646678
0.002640901,202.2490413
0.002769305,204.354178
0.002901602,206.3669789
0.003028723,208.5035789
0.003159999,210.0954536
0.003292548,212.0454511
0.003423875,213.3433407
0.003547578,215.0363073
0.00368852,216.6263239
0.003815391,217.7744754
0.003942833,219.1638739
0.004078415,220.4957114
0.004215569,221.3828862
0.004345091,222.8882836
0.004473496,223.7506761
0.004599827,224.711342
0.004733061,225.8661746
0.004861768,226.3921576
0.004832956,219.2404967
0.00469753,208.9670736
0.004570057,199.4319768
0.00443444,190.7945273
0.004296224,181.7575056
0.004166505,172.7583256
0.004038209,164.3769589
0.003899619,155.2970724
0.003771929,146.6687904
0.003637981,138.0997481
0.00350573,129.3672216
0.00336882,120.9790946
0.00324434,112.522003
0.00310957,104.0636503
0.002975085,95.73692592
0.002851664,87.06426748
0.002715198,78.94450604
0.002583523,70.82825212
0.002454706,62.11657035
0.002324915,54.16321395
0.002191059,45.92322365
0.002065894,37.58133758
0.001927265,29.65083649
0.001801614,21.30709018
0.001670602,13.19055024
0.001535686,5.153615512
0.001406055,-3.065494351
0.001270362,-10.80547553
0.001151931,-19.0366945
0.001017931,-27.00900637
0.000885465,-34.61862715
0.000753105,-42.86606051
0.000628171,-50.4805793
0.000495182,-58.35522929
0.000367106,-66.32820487
0.000225456,-73.8629295
0.000105293,-81.62858724
-3.26826E-05,-89.34793727
-0.000160014,-96.61135255
-0.000295786,-104.5274373
-0.000422938,-111.5750749
-0.000557061,-118.7210506
-0.000687798,-125.7940823
-0.000812228,-132.3664228
-0.00094211,-138.9492274
-0.001084641,-145.1422559
-0.001208399,-150.4561164
-0.001337224,-156.0981082
-0.001466636,-160.9213657
-0.001598234,-165.4018314
-0.001726561,-169.806549
-0.001861239,-173.2582109
-0.001990645,-176.9694799
-0.002120474,-180.1123896
-0.002256972,-182.9744569
-0.002387457,-185.9299706
-0.002518706,-188.3608209
-0.002641593,-190.6276984
-0.002779502,-193.0995721
-0.002911477,-194.945444
-0.003039663,-197.1227417
-0.0031725,-198.8911849
-0.003306889,-200.6047416
-0.003427508,-202.3188704
-0.00356593,-203.6573533
-0.003697764,-205.0488501
-0.003824406,-206.6050712
-0.003961451,-207.6244297
-0.004091845,-209.0603154
-0.004220151,-210.2110141
-0.004345523,-211.0720078
-0.004479131,-212.4699663
-0.004607874,-213.3244459
-0.004738134,-214.3129633
-0.004875019,-215.3680818
-0.004790708,-204.7895373
-0.004468064,-183.2790335
-0.004132756,-161.1675816
-0.00398447,-151.1298289
-0.003985752,-150.9874003
-0.004057274,-139.4739703
-0.003825621,-124.568951
-0.003596739,-109.1607121
-0.003356169,-93.95373647
-0.003143002,-79.21054783
-0.002906964,-63.99107661
-0.00267589,-49.19435432
-0.002440711,-34.28545797
-0.002209954,-19.20530991
-0.001964995,-4.225955053
-0.001888227,0.465097574
